{
  "beaconCommittee": [
    "1A59NWoUECL86GQtUXWzH5DEYxSB3sDNPTCFjrX4NuAP6jyQicptchPqTFRcEVzwKBtMgcYtKUnMtZNa5H2hjDko4iPTmMihZyiQg79q7FEGJYmoFeotiQsjary8XaAu1Mrz7muCmkUFPE6Ady86HkeHhZKrE39gaX4xhGvKQ4SskL5kLioLZ",
    "19wt87wszjT1bmox2xDUzDUPcxNbabnbw45Zx9wt7sQt2h1yCaHoyXtXRZq3f2sZRDgBoRCd4qbpYeFThDuSWYVp615bGsA2A7PPi9byuXCpJX6NbbmeGeT7wiun8CEfZ9MCEUGhEe73MtzVtpaFDwsYBh7CstytXdA4vs4FGabQf63BRFSPC",
    "13NVQDXoaUAWmBGKFVRzDVK3uBjPThmNC77bT8dKUdxGJs8EPSoiDPmQ3rwDYEh3XugMHTS4mNeFXykkVWT9UC9NkrS7kqYVGA5sW82wQFvWjfeMxvh51FLWVLpwyVmV4xHEhg8WeK5egyhAzUBbLdSXJjcMJtk8HN7YqVJjfEgpRUAXKQYCi",
    "19nDjLiTiE6cHBV7Duc5LnwXV6w8bhBGu8hvuNWvFqEfSJdZfaCRKpYRchGzZ1uYVMAYvavJJk7HvC2cM7VJanBtoiiWksFJc9md55MM4DnPQAevQbjuiiNDY6yGWos7YgwYYEchdrjrGL37oYxDpN6VVDpyhdRnpuzU9iFyuNYwbD1z2TQYs"
  ],
  "bridgeCommittee": [
    "1QFtNksYA94avSbRrLokar78RzWjCZ3hpy4ZtvrPh9NFXRbq9kPoeQEhS11bQ2igHWm19VEBMVxsAZNqHGdKQWN577RaE1k75KWPMvBVDML9KTexnSdfPLAk82r2oWdhX4zbU3bAzRgdJVAY7SGPUeQh5V5NDvK18hs5SfJT3ZezQKXdaSHG3",
    "1WRUxX8YSUDKEn47FcqWJhhYvM3g229kmiFtyuRdsKknhJyEtHJcRFqRBo7oXEkci4rrAjU7Qcm7c9MinAurzrJ9xKhJmf6REozJFmBaGABB5YDDDfewoprbKtSW5vtYpcDLwXFcMPHoXD5kYvKEhN19d3MEXQCRa6peB6C2iSMRD8bMnGdED",
    "1NUNHVQSYRjHzt6fQwEsixji2G3NwVLPKkHCN3CiWn95UnTwaRWxZK1bjo2zLh6JFB19MpxWNrCXjBNgnrAQyfCYLekyUYD5dVj9we1qeLDY4nbeXt356hpCKmP9fFbSmAoEjQRY2XAiARDhbWCrj19UAQxeL94HrhW32Rkv19niNcc66HU23",
    "1LJ3HJoYpmHQvaoiSM8yihAcUmGJgc2FA3cM6QJubnLrixGgtLtUYTND8NZmmqyC7Gn5Ps8g6Te39dQhqjxW1etNTsn5LcVHnFY3Kqatb8a7FN1SuJ1FtKxHyPEoFnZAUNup7SGFDBnJYPPFohvqvKAJ9JPiH2ek3LCCmohUvmrtEqhUerBDV",
    "1WebaQhjJcYD54faQRYCZeeEy9YgGeefAV7ye4RoacVrTUb5hxzr5s7PQB6zKvVkmXzZ34BCsT5Pjn3taCCyLfF22pkfNbfbu4h2ESKhudL1tGucWorxM6mU6xrtR5ZMw2ndPLiz62hPr8G2p7pdhkFbMaxSq1xmCsUDQ1XTDHtTT3iCst24Y",
    "1LMHeFXkMAGqfXjZTHVXeAZQeyU4RkMkNvxVhu39qwkBcyM5dynGcoV1ukbfKFygteNkvNozHjMvzAdriiKcEVKoJ42c5A66iNvAyG4FSZdfvzzLBwjVLCfc1Ud12j6oTypVZdo6vCi4ier1GJjQPe7UMJYrXWKNc6Nteop7DjSm5DbNb6SQc",
    "1XByefdNEFQS9wr3uYmjy4Ku768QA5z9fqr8FSfrktq4f98LZNxmR56jMgNLweqHPBFxdTp6jt5o3KjWiGA2v3vebeTsbkWtLcteUrWo9rTqSUkMLV7EH1KJRNbatuVK12zhyoLivfYng4Ssp4oQ6sBVoBHS7b4kY8kmSC24zRPHsi5ndhJFB",
    "1R4qULmex48zLain6b1TGg8cQRx5HyiZtvUoDm1mgYrVKQwoHnyV89L3snYwJemw2GmkjZeM5RsDXAujvMwu3UACQ2vvmfwZqgj5DrEJfiyXhhH3LGWpNbpcEsf5sf7zk62wBE1WgBJYyHxvNN7j6pFNXKpga1fDLzNZPS3i8B8V6rehtiizn",
  ],
  "wallets": {
    "beacon": [
      {
        "address": "0x7Ba2AD4AFDCD2D3733f671bfCa40e33fDD258A29",
        "privateKey": "0x540f4442be762330b8b1bd22e4a787b56f3c2a26d0ce9412c51e473fec1554af"
      },
      {
        "address": "0x64b02E627219B0d80245E548B313faCC6900bD89",
        "privateKey": "0x0630fed4e4fe1daafb6206556c3d33f195d1cd0ac4e6a8cf317eb4bca6fc1f64"
      },
      {
        "address": "0x8a8F496B6fd2aFB158A762292AB348DdbbA27643",
        "privateKey": "0xfd4cc675ccca012cbb896a900bac253cac50852a034dc29585acd058e0c8383d"
      },
      {
        "address": "0x3F02c5B8b8e54F55dC41d6bf6d780C956301827c",
        "privateKey": "0xd5c314d82fbd831ae96236455a297b28c6c34b2e0be526979b83ea8bbf324a26"
      }
    ],
    "bridge": [
      {
        "address": "0x7Fff62C7e5Fc72ef27715dd77873d4F6F4066666",
        "privateKey": "0x0c3eb8a103ae35468a0e9118bed7c1af61c728cf10844fd3f971fdd61874f15d"
      },
      {
        "address": "0x0D300af2A5BcC9E15da2CcF6844A8b38D5cFaaB8",
        "privateKey": "0x3810771578dd8a3959f69d15a2b3e9bafcf8bc291d3a1c61be5c3ff849ee13eb"
      },
      {
        "address": "0xE12E7dCf7C011F3AEc293B3c32e5318776Fa4616",
        "privateKey": "0xa76b9a209163f317b96f0369f3edb764f46e8357bde9edeb6c7368e86385c252"
      },
      {
        "address": "0x93ed9cEefC307e666614DCa19C6215ae84cB7717",
        "privateKey": "0x002d08f83f2f3555d99bfaf777934a4b600dba4a1d3f36612602e13a171e5d51"
      }
    ]
  }
}
